[
    {
      "id": "651a501746a92da7981902f7",
      "bookTitle": "The Maid",
      "authorName": "Nita Prose",
      "imgUrl": "https://images-na.ssl-images-amazon.com/images/S/compressed.photo.goodreads.com/books/1643228739i/55196813.jpg",
      "category": "Mystery",
      "bookDescription": "Since Gran died a few months ago, twenty-five-year-old Molly has been navigating life's complexities all by herself. No matter—she throws herself with gusto into her work as a hotel maid. Her unique character, along with her obsessive love of cleaning and proper etiquette, make her an ideal fit for the job. She delights in donning her crisp uniform each morning, stocking her cart with miniature soaps and bottles, and returning guest rooms at the Regency Grand Hotel to a state of perfection.",
      "bookPdfUrl": "https://www.goodreads.com/book/show/55196813-the-maid"
    },
    {
      "id": "651a50b146a92da7981902f8",
      "bookTitle": "Carrie Soto Is Back",
      "authorName": "Taylor Jenkins",
      "imgUrl": "https://images-na.ssl-images-amazon.com/images/S/compressed.photo.goodreads.com/books/1649848581i/60435878.jpg",
      "category": "Fiction",
      "bookDescription": "By the time Carrie retires from tennis, she is the best player the world has ever seen. She has shattered every record and claimed twenty Slam titles. And if you ask her, she is entitled to every one. She sacrificed nearly everything to become the best, with her father as her coach.\n\nBut six years after her retirement, Carrie finds herself sitting in the stands of the 1994 US Open, watching her record be taken from her by a brutal, stunning, British player named Nicki Chan.",
      "bookPdfUrl": "https://www.goodreads.com/book/show/60435878-carrie-soto-is-back"
    },
    {
      "id": "651a50f946a92da7981902f9",
      "bookTitle": "House of Sky",
      "authorName": "Sarah J. Maas",
      "imgUrl": "https://images-na.ssl-images-amazon.com/images/S/compressed.photo.goodreads.com/books/1633097753i/40132775.jpg",
      "category": "Fantasy",
      "bookDescription": "Bryce Quinlan and Hunt Athalar are trying to get back to normal―they may have saved Crescent City, but with so much upheaval in their lives lately, they mostly want a chance to relax. Slow down. Figure out what the future holds.\n\nThe Asteri have kept their word so far, leaving Bryce and Hunt alone. But with the rebels chipping away at the Asteri’s power, the threat the rulers pose is growing. As Bryce, Hunt, and their friends get pulled into the rebels’ plans, the choice becomes clear: stay silent while others are oppressed, or fight for what’s right. And they’ve never been very good at staying silent.",
      "bookPdfUrl": "https://www.goodreads.com/book/show/40132775-house-of-sky-and-breath"
    },
    {
      "id": "651a513a46a92da7981902fa",
      "bookTitle": "Book Lovers",
      "authorName": "Emily Henry",
      "imgUrl": "https://images-na.ssl-images-amazon.com/images/S/compressed.photo.goodreads.com/books/1638867089i/58690308.jpg",
      "category": "Fiction",
      "bookDescription": "Nora Stephens’ life is books—she’s read them all—and she is not that type of heroine. Not the plucky one, not the laidback dream girl, and especially not the sweetheart. In fact, the only people Nora is a heroine for are her clients, for whom she lands enormous deals as a cutthroat literary agent, and her beloved little sister Libby.",
      "bookPdfUrl": "https://www.goodreads.com/book/show/58690308-book-lovers"
    },
    {
      "id": "651a517346a92da7981902fb",
      "bookTitle": "Sea of Tranquility",
      "authorName": "Emily St. John",
      "imgUrl": "https://images-na.ssl-images-amazon.com/images/S/compressed.photo.goodreads.com/books/1626710416i/58446227.jpg",
      "category": "Fiction",
      "bookDescription": "A novel of art, time travel, love, and plague that takes the reader from Vancouver Island in 1912 to a dark colony on the moon five hundred years later, unfurling a story of humanity across centuries and space.\n\nEdwin St. Andrew is eighteen years old when he crosses the Atlantic by steamship, exiled from polite society following an ill-conceived diatribe at a dinner party. He enters the forest, spellbound by the beauty of the Canadian wilderness, and suddenly hears th",
      "bookPdfUrl": "https://www.goodreads.com/book/show/58446227-sea-of-tranquility"
    },
    {
      "id": "651a51b646a92da7981902fc",
      "bookTitle": "Hidden Pictures",
      "authorName": "Jason Rekulak",
      "imgUrl": "https://images-na.ssl-images-amazon.com/images/S/compressed.photo.goodreads.com/books/1635260162i/58724923.jpg",
      "category": "Horror",
      "bookDescription": "A wildly inventive spin on the supernatural thriller, about a woman working as a nanny for a young boy with strange and disturbing secrets.\n\nMallory Quinn is fresh out of rehab when she takes a job as a babysitter for Ted and Caroline Maxwell. She is to look after their five-year-old son, Teddy.\n\nMallory immediately loves it. She has her own living space, goes out for nightly runs, and has the stability she craves. And she sincerely bonds with Teddy, a sweet, shy boy who is never without his sketchbook and pencil. His drawings are the usual fare: trees, rabbits, balloons. But one day, he draws something different: a man in a forest, dragging a woman’s lifeless body.",
      "bookPdfUrl": "https://www.goodreads.com/book/show/58724923-hidden-pictures"
    },
    {
      "id": "651a51fd46a92da7981902fd",
      "bookTitle": "Bad Gays: A Homosexual History",
      "authorName": "Huw Lemmey",
      "imgUrl": "https://images-na.ssl-images-amazon.com/images/S/compressed.photo.goodreads.com/books/1631844850i/59012057.jpg",
      "category": "History",
      "bookDescription": "Too many popular histories seek to establish heroes, pioneers and martyrs but as Huw Lemmey and Ben Miller argue, the past is filled with queer people whose sexualities and dastardly deeds have been overlooked. We all remember Oscar Wilde, but who speaks for Bosie? What about those ‘bad gays’ whose unexemplary lives reveals more than we might expect?\n",
      "bookPdfUrl": "https://www.goodreads.com/book/show/59012057-bad-gays"
    },
    {
      "id": "651a526046a92da7981902fe",
      "bookTitle": "Heartstopper: Volume Four",
      "authorName": "Alice Oseman",
      "imgUrl": "https://images-na.ssl-images-amazon.com/images/S/compressed.photo.goodreads.com/books/1640745736i/56060300.jpg",
      "category": "Self-help",
      "bookDescription": "Boy meets boy. Boys become friends. Boys fall in love. The bestselling LGBTQ+ graphic novel about life, love, and everything that happens in between: this is the fourth volume of HEARTSTOPPER, for fans of The Art of Being Normal, Holly Bourne and Love, Simon.\n\nCharlie didn't think Nick could ever like him back, but now they're officially boyfriends. Charlie's beginning to feel ready to say those three little words: I love you.",
      "bookPdfUrl": "https://www.goodreads.com/book/show/56060300-heartstopper"
    },
    {
      "id": "651a52a746a92da7981902ff",
      "bookTitle": "Lessons in Chemistry",
      "authorName": "Bonnie Garmus",
      "imgUrl": "https://images-na.ssl-images-amazon.com/images/S/compressed.photo.goodreads.com/books/1634748496i/58065033.jpg",
      "category": "History",
      "bookDescription": "Chemist Elizabeth Zott is not your average woman. In fact, Elizabeth Zott would be the first to point out that there is no such thing as an average woman. But it’s the early 1960s and her all-male team at Hastings Research Institute takes a very unscientific view of equality. Except for one: Calvin Evans; the lonely, brilliant, Nobel–prize nominated grudge-holder who falls in love with—of all things—her mind. True chemistry results.",
      "bookPdfUrl": "https://www.goodreads.com/book/show/58065033-lessons-in-chemistry"
    },
    {
      "id": "651a52ec46a92da798190300",
      "bookTitle": "I’m Glad My Mom Died",
      "authorName": "Jennette McCurdy",
      "imgUrl": "https://images-na.ssl-images-amazon.com/images/S/compressed.photo.goodreads.com/books/1649228846i/59366244.jpg",
      "category": "Autobiography",
      "bookDescription": "A heartbreaking and hilarious memoir by iCarly and Sam & Cat star Jennette McCurdy about her struggles as a former child actor—including eating disorders, addiction, and a complicated relationship with her overbearing mother—and how she retook control of her life.\n\nJennette McCurdy was six years old when she had her first acting audition. Her mother’s dream was for her only daughter to become a star, and Jennette would do anything to make her mother happy. So she went along with what Mom called “calorie restriction,” eating little and weighing herself five times a day. She endured extensive at-home makeovers while Mom chided, “Your eyelashes are invisible, okay? You think Dakota Fanning doesn’t tint hers?” She was even showered by Mom until age sixteen while sharing her diaries, email, and all her income.",
      "bookPdfUrl": "https://www.goodreads.com/book/show/59366244-i-m-glad-my-mom-died"
    },
    {
      "id": "651a535346a92da798190301",
      "bookTitle": "The Final Gambit",
      "authorName": "Jennifer Lynn Barnes",
      "imgUrl": "https://images-na.ssl-images-amazon.com/images/S/compressed.photo.goodreads.com/books/1634068432i/59233594.jpg",
      "category": "Fiction",
      "bookDescription": "To inherit billions, all Avery Kylie Grambs has to do is survive a few more weeks living in Hawthorne House. The paparazzi are dogging her every step. Financial pressures are building. Danger is a fact of life. And the only thing getting Avery through it all is the Hawthorne brothers. Her life is intertwined with theirs. She knows their secrets and they know her.",
      "bookPdfUrl": "https://www.goodreads.com/book/show/59233594-the-final-gambit"
    },
    {
      "id": "651a53a046a92da798190302",
      "bookTitle": "The Dark Queens",
      "authorName": "Shelley Puhak",
      "imgUrl": "https://images-na.ssl-images-amazon.com/images/S/compressed.photo.goodreads.com/books/1593216033i/53138220.jpg",
      "category": "Biography",
      "bookDescription": "Brunhild was a Spanish princess, raised to be married off for the sake of alliance-building. Her sister-in-law Fredegund started out as a lowly palace slave. And yet—in the 6th-century Merovingian Empire, where women were excluded from noble succession and royal politics was a blood sport—these two iron-willed strategists reigned over vast realms for decades, changing the face of Europe.",
      "bookPdfUrl": "https://www.goodreads.com/book/show/53138220-the-dark-queens"
    }
  ]